20230711110622,d'une nouvelle architecture financière mondiale ou la gouvernance
20230711142349, on va directement en fait
20230711142435,bonjour comment vous allez j'espère que vous allez bien
20230717004011,
20230717004014,
20230717004015,
20230717004016,
20230717004016,
20230717004313, alors je suis ici pour vous parler de d'un projet qui va nous aider dans l'avenir parce que ce projet s'appelle épices culture hibiscus culture qui a été une entreprise de service
20230907143803,
20230907143821,"Allô, Allô. Allô. Allô. Transcription."
20230907152915,Ça marche maintenant.
